user_id,user_name
U016890PYHM,Bedpan
U016M1Z8NLE,Happy Camper
U016MKQUP29,Woody
U016P7DMTGT,Boston Butt
U016P7NV44T,Pawn Star
U016PM54WTV,Leuben
U016SCDC1HT,Penalty Box
U016TRPRHKL,Den Mother
U016TTHF8SH,Roach Coach
U016U07U2KV,Blow Out
U016V36QBHV,Parks and Rec (F3 Naperville)
U016V36RMPZ,Onesie
U016V6KHM36,Dilly Dilly
U016VPSN0K1,Thomas The Tank Engine
U016VPSQSFR,Trickle
U016W30QL1G,Joe Dirt
U016ZUU67BN,5-Putt
U0171K8109F,F3CrossroadsIL
U0171KMS64R,Tourniquet
U0171KQRB6D,vern
U0173MR164W,Braden Cgrams
U0173MR42R4,Giggles (F3Naperville)
U0173MR5CS2,Blues Clues (F3 Naperville)
U0174A9BUUW,Breakaway
U0175EJBYFQ,Pork Rinds
U0176U2L03X,Toby
U0177G4QZGX,Bailout
U0178E2951T,Blowfish
U0179SWTCUX,Waterfall
U017B8D6AHH,Second Best
U017BB9L8AW,Fred Flintstone
U017BLHHRSR,Caveman
U017BMVBTGA,Bone Spur
U017BQ9FCNS,Townie
U017BQTBXQB,Skinner
U017BQTUL3D,John Denver
U017C8CLJLA,Twilight
U017CRXMBA4,Pi 3.14 (F3 North Katy)
U017D21T2KC,Bobby Fischer
U017D21U3FC,Tonka
U017D24BRC5,Zima (F3 Nomad)
U017DA73JQY,TPS Report
U017DBX0HNE,hairgel
U017DQX583C,Beatbox
U017E4NMFQV,Hanger
U017ES53H7C,Ron Swanson
U017G12283W,SmallCakes
U017G12529J,Carmen San Diego (F3 Naperville)
U017G126ESY,Elway F3 Naperville
U017G15HA92,DJ Sump Pump
U017G15KU5S,Motown
U017GAYMCDR,Smokey
U017GAYR3QT,Serena
U017H45S926,Cousin Eddie (Naperville)
U017HR8T7HA,unlucky
U017HR8TT36,ravioli
U017HR8TZPW,Urkel
U017HR8U5RS,SkidMark
U017HR8UD8U,mc gruff the crime dog
U017HR8UKFE,wifetime
U017HR8US5S,Snooky
U017HR8UXV2,notebook
U017HR8V4VA,tigers
U017HR8VCBE,prius
U017HR905C4,upchuck
U017HR90C3E,sheldon
U017HR90JDS,hackman
U017HR90QMA,ThumbDrive
U017HR90Y12,pothole
U017HR914AG,zpak
U017HR91AJG,SoccerMom
U017HR91GCC,padre
U017LMBBP1S,Fargo (Naperville)
U017LNQJVTP,Snow-Caps
U017LUC5YAF,araj
U017LUFPESF,Boxcutter
U017M5ULV3Q,UpChuck
U017MPTEANQ,Jimmy Neutron
U017P3N3C8K,Bedazzle
U017Q6TF0TB,Gopher
U017Q7Q4CSD,Ozark
U017QPPHQRX,Choo Choo (F3 Naperville)
U017QPPJE49,Chicken Dance
U017QPPJN6M,Better Call Saul
U017QPPJVJ5,Bob Villa
U017QPPK1FB,s
U017R2NLPUK,Milton
U017S8A8PF1,Cat Lady
U017S938RLH,pauldesruisseaux
U017V295UTC,Snowbird
U017V298U4S,Short Sale
U017VSYDF98,Cataracts
U017WDGEEJ0,El Chapo
U017X1QRBDF,Bartles And Jaymes
U017X9WAQ9Y,BoilerUp
U017Y52539N,ShooterMcGavin
U018098KAAC,Sparkler
U0181F3SP32,soccerball
U0181F3SW1W,pit stop
U0182DLTKCH,Brick F3 Geneva
U0182V29KQ8,Magellan
U018377HK88,Mike Hutson
U018377K57S,Spirit
U0186PNUG3T,Hackman
U0188M84NP4,Tighty Whitey
U018B2S5Z4H,Niners
U018BJ78G0Z,Trailer Park
U018CLZ6012,Appletini
U018E3PUHU3,Corningstone
U018E736V7A,Noodler
U018FAJK2DT,gif_keyboard
U018H49KSF3,Villarreal Usa
U018LRAFUAW,Matt Ericksen
U018NN28R8E,Old Style
U018Q5X4YFK,benhutch08
U018QBNCDS6,Roman Ortega Jr
U018QDV2EJC,Rhinestone
U018QDX5MK2,Flush
U018T55PETH,Captain Underpants
U018T5S1U14,Curds
U018U232D96,Shingles
U018VE4NMGS,Bonsai
U018WJSNZK6,Buckeye
U018Y05AJA1,Marla HOOCH
U018YQEKW10,Tadpole
U018Z11ED44,Matt Holley
U0191BE58PR,Joliet Jake
U0194BS469Y,Bunny Hill
U0194BS66MQ,Binford
U0197EMP9U0,oneshotkustoms
U0197M49PJ8,Squirts
U0197MC117F,Gaylord
U0197MC4UCV,Linsanity
U01994HKA3T,Chuck Taylor
U0199FG30V9,SuperTrooper
U019BEL6KJM,Apples
U019EQLMC23,Biscuit Joiner
U019HMD7QBA,Joystick
U019LR89PM4,tukk67
U019MT194E7,Jellystone
U019MT1BGMR,Jon Kalvig
U019PSK245U,Huggies
U019QLL8RS7,Impossible Burger
U019QRLGGDD,Mick Enev
U019QRLHE3H,Free Smells
U019S79N1AP,Unibrow
U019TSFML4C,El Dinghy
U019TUD8EFM,breathalyzer
U019WJF4ZNW,Ikea
U019XEUFGEQ,lauranoon
U019Y7P6XPF,Foundation
U019ZNUASNQ,Thai Noodles
U01A1DUCVB5,Couch
U01A2DRTKSN,Push Social Content to slack
U01A38S60SY,Rosette Stone
U01A3MYP49Y,Crawl Space
U01A4PS2F52,Bypass
U01A50XC9UK,Lewinsky
U01A521TSHL,Todd Ramsbottom
U01A66A5K3K,samarotus02
U01A81A2C80,Happy Gilmore
U01A81A4Y8Y,Singlet
U01A81A7BPS,1040EZ
U01A81A994Y,Piston Colin Kennedy
U01A81AB1LG,Spurs
U01A97F24TB,spinout
U01AAD551GB,Eric Luvaas
U01ABN1JA4Q,Snoopy
U01AH4440GZ,jdaxc198
U01AHAK7GC8,Wannstedt
U01AKUYKEG7,Chicken Wing
U01AN1Z7LJJ,mahim99
U01AN1Z8L5C,jmanprasert
U01ANAL4DUL,Storm Chaser
U01APFBACP8,Morticia
U01ARKFCDGU,Tee Ball
U01AS37TMDW,Melissa Souto
U01AS4MLJBH,Dwight
U01AUPE5WR0,calebtylerhollingsworth2006
U01AUPE7KD0,Sprinkler
U01AUPE8AMQ,jdaxc19
U01AUPE92QJ,motrain710
U01AWRVCR0X,Cyclone
U01B7CJS5LZ,dtc013
U01B7CJV6JD,Jeffrey Collar
U01B7CK0QEM,Matt Erickson
U01B7CK1MUH,jkennedy78
U01B7CK2H89,Brent J Anderson
U01B8FL6TFX,Senor Frog
U01B8FLBHKP,Nickelback
U01BUU9C9HU,Polly
U01C3090DBN,sosa
U01C4AULU5B,Fish Sticks (F3)
U01C516QSQZ,Wreck-It Ralph
U01CTGYLC2F,Bill Smith
U01CZG76QSD,Lawn Mower
U01D5VDA0BT,Judge Smails
U01D98M805Q,Dr. Fauci
U01DCLZ0W48,davidsalinas612
U01DGPH2MGR,Munson
U01DK08AZT8,Trojan
U01DT05QPEF,Google Drive
U01DZ1J0S0Z,patuschr
U01E11Y3JLD,Sweet Gherkins
U01E40PTNFJ,Bunker
U01E9GM30LS,Spatchcock
U01E9H82BND,Ol' Stiffler
U01ELRMAL7L,Quatro
U01EMNLBWG7,Zoom
U01EPB5EKNK,NeilDiamond
U01EPEQF8SW,Bat Girl
U01F6EU0A1M,Jobu
U01F6EU2GUX,Chris Daluga
U01F6EU4BNK,dominicdaluga
U01FB3THYBZ,chadwarrenniu
U01FRNLEW6L,Chop Shop
U01FT8UHS07,Super8
U01G5MLN04D,Disclaimer
U01GHGXCL9H,Lemon
U01GLA5RBTN,Backsplash
U01GM2KH38R,abotello37
U01GUJK3WMU,Backstreet
U01H1L7FSVB,Five Hole
U01H79939D1,Hare
U01HK72F2NP,Sun Devil (Naperville)
U01HWQ2SX54,Moms Group
U01J3P156V7,Ryan Calhoun
U01J3P3MLN5,Nair
U01J9PPSDA9,Wine in a Box (F3 Naperville)
U01J9PPTMFX,Radio Flyer
U01J9SYVCA1,Rusty
U01JK1LLZ8C,Dorn
U01JK1LNATW,Flo
U01JK2GR3E0,Riunite
U01JK4AQCMS,Urban Cowboy
U01JL2UG46T,Jim Mendoza
U01JRJ15UBT,Wet Wipe
U01KAAFM5KK,Pergo
U01KDES2RQ9,Software
U01KMV5KELV,Ned Ryerson
U01KU2AMY81,Abacus
U01KUMD8U56,Mankini
U01KW47VC02,Wedding Planner (Naperville)
U01KXPKDF97,Heifer
U01LR0YUHDW,Fannie Mae
U01LTJXD3TR,Augustus Gloop
U01NGL3HAQN,Alexa
U01NTE7N9GB,Peloton
U01NZPK35AR,Goldberg (Nap)
U01PZFFBGJ3,Magnolia
U01Q04FM95G,Hot Boxx
U01Q8M4VAA3,Zapier
U01QEHHSW3F,Johnny 5
U01QUG5512R,Double Doink
U01QW8N6C2V,Koffi Tosou
U01QWH36MN3,Shiplap
U01R8MWJZ7E,Bat Boy
U01RFTXDHCG,gulligan
U01RSBYC6TS,Nomad
U01RSG6FSNA,Slinky
U01S4DXQCSY,Pusher (City of St. Louis)
U01S7C4QFRP,shenanigans
U01S9CSJ4KH,Seasbiscuit
U01SQ0LCECT,billmarcum
U01SSKEAD9C,Mark Kroencke
U01SSRAQT9D,Nathan Barber
U01T5KE14UA,Smudge -David Bertoncini
U01TE35026Q,FIB
U01UEA1UB7C,jburis1
U01UJNFFZ36,Rosco
U01UJSZDNRG,Tuohy
U01UK3N0LTD,Dan Borhhoeft
U01UXE5Q752,Tooth Fairy
U01V7CVSR7W,BabyHands
U01V9NNACP7,Gabriel A. Brown
U02083637U6,Amy Lawless
U0209D7BSC8,Mrs. Butterworth
U020A3PMS14,Ringo
U020A7W78FQ,Mr. Belding
U020T1VFZS7,Roney Sarah
U0210G87Y6Q,A Fib
U021GK66PMW,beinglawless
U028K1BRSCA,DeVito
U02A5EEDETX,Troy Siwek (rupal)
U02A5F943AS,brony38
U02A5F970GN,jacob6972
U02A5F99RNJ,Mtwilhite 41
U02A5QEQ1F0,PAXminer
U02A8DV8WKC,tagalong
U02A96W3537,Pure LEAD
U02A96W697X,Dauber
U02A96W9493,choker
U02A96WC5HT,Second City
U02A96WF093,Halas
U02A96WHL0M,McQueen
U02A96WLKRB,Scat
U02A96WPURK,Lug Nutz
U02A96WST0V,hunterhunterhunter
U02A96WV9QD,Termite
U02A96X2T1B,Peek-a-Boo
U02A96X5RMK,dcoop295
U02A96X8R29,Jose Ruiz506
U02A96XC2Q5,Toboggan
U02A96XEQG5,Potty Mouth
U02A96XHD9T,extrasalesteam
U02A96XL75K,steve
U02A96XP62Z,Tommy Barlett
U02A96XS7A9,chrispmoye71
U02A96Y001K,eccann11
U02A96Y34LD,Carlos Sanchez
U02A96Y634M,carnivores67
U02AA561KC3,Burnt Ends
U02ADFBHJP8,Bobby Boucher
U02AEHZ4JSG,Octomom
U02AEK4889M,Doc Brown
U02AGLRETAN,Mr. Nice Guy
U02AJDJC6P6,nickwake5219
U02ALH1NK26,marathonmike
U02AQED34GP,Justin Meyer
U02AQRX3GD7,kerrce77
U02AQRX68GZ,Michaelr Murph
U02AT3XH1T3,Meatwad
U02AX3XE0S0,Underoo
U02AY4CQH5E,Rupaul
U02AYCZ52UA,Prep-H
U02AZPD17MG,Tonto
U02BCC3RDNV,Justin Meyer
U02BEE729L0,Giada
U02BL3KMU3B,Kaylee Garvey
U02BRKU1YB1,Subway
U02BUJWCMBQ,Picasso
U02C3KXC6KU,Sam Walton
U02C48JPM08,Balboa
U02CH1G4GUC,Catalina
U02CH1GJ9LL,Clinger
U02DFTG5BPS,Baby Seal
U02DHQB2JRG,Yellow Card
U02DLLFNPJN,Belichick
U02DSLZJ97A,bobhapp1
U02E2L9KXK4,Joshua Zilm
U02E4D35W9E,f3crossroads-slackblast
U02EF9HR31P,Mudslide (Central IL)
U02ERJ8K7QU,Nick Butkovic
U02F2UV0MCL,Blue Gill
U02F6ND56VB,Jordache
U02G6U2EPDG,Snipit
U02H51CJS30,Pull-up
U02H51J2KPY,Faceplant
U02HDV0154L,baby-monitor
U02HXUQ4G0M,Oil Spill
U02HZCTHDEY,Pager
U02KB48GXCP,gregshouse
U02KC63N287,pmckinney16
U02KC6408QP,serge1986
U02KLQ941HU,Blinky
U02KN9HUSE6,Soft Hands
U02KRH34RCK,Choco Taco
U02LGCKH24W,Sensodyne
U02LGKJ247J,Gordon’s
U02MXUN7VKJ,New Townie
U02NBKHN3NK,Dungeon Master
U02NS9SCJE7,jsnedz
U02NST5BMKJ,Dear Abby
U02P24M73GV,amelia
U02P27HST0D,Captain Planet
U02P2FAPHUL,Kenneth Schoen
U02P52UU074,mrburns
U02PFDKLP0V,Poinsettia
U02RTNKNECT,Pinpad
U02S5TZEHDX,Mater
U02S9ME526M,Oscar Mayer
U02T9MACYJK,Spinal Tap
U02TK3XJNH0,Snoop-a-Loop (F3 Naperville)
U02ULN88CJK,Goose
U02USFNQHGE,HOUDINI
U02UVGKDJA2,O'Douls
U02UWCSGQA3,Aladdin
U031LSD0SP7,Plunger
U031LSD9HA9,RamRod
U032KA3NHPT,Niko Bulin
U032Q4946R1,Matt Blatti
U032SCZJC7N,Newman
U032W7N2CUR,PatSummitt
U033NGNJRAS,Shirley Temple
U033QBVPNP9,Motorboat
U033V6QFP6W,AlexMorgan
U033Y0LDMDM,Napkin
U034C2AP4J3,Ditka
U034NEKDM9C,Peanut
U035LHSCQ75,Rain Man (F3 Naperville)
U035T7G5P8A,Dahmer
U035VM9E50D,Glenn
U035VPDD30C,Thin Mint
U03611RV5MK,Bush Push (Naperville)
U0361U2JMGR,Heisenberg
U036X1YFW2H,Crawdaddy
U03765UPB8C,Chum Bucket
U037P6F54UR,Panhead
U037XHB270U,Lumpy Fields
U0381F64M5K,Lumpy Fields
U0384KKNAAH,kgurney79
U038J31SZ55,Nightlight
U038RRMS5V0,Mr. Potato Head
U03AG1LC1J9,mike
U03AVB9R4V8,Mr. Kool-Aid
U03BRT6T85A,Rent-A-Center
U03BW1H4DAB,Swanson (Southsid3)
U03BY5VDCLC,Xerox
U03C7P3KPA7,Madoff
U03CCG1PXV2,Gregory Smith
U03DG49GCKH,Hamilton
U03DP9WRXJN,Backstreet
U03EDPV55NE,Brady Bunch
U03EH4H6NE7,Latoya
U03EPDEKY4U,Schlitz
U03ESCYKTGR,Squidward
U03EVPAU1DF,aljohnson133
U03FMEJUD1D,Right Field
U03FNDJ015Y,NoDoz
U03FQ2U8UJK,Mapquest
U03G5RBAAMN,Sweet 16
U03G85GA2CF,Sparkle Horse
U03GF9QE6AW,Ag Donato
U03H2HHKHHA,Michael Frigo
U03H52X4NEL,Bambi
U03H797905V,Millville
U03HAJB5A9G,CarpetMulcher
U03HBBX9HKR,QSignups
U03HEMHEQP2,HumblePie
U03HF0UCHB7,TwinkleToes
U03HM57HSKG,Gisele - F3 Geneva
U03J1D4JHT8,dmartinez
U03J3B62TAB,Search Party (F3Naperville)
U03JQAE4EVD,Porta John
U03JWFG1K5E,Tony Floros- Ventura
U03K21G5M9T,wedigvb3
U03K9HLHGP4,Rachel Ray
U03KKAHVC8J,Shawshank
U03KLE7L56Z,alex theis
U03KV19V5JS,Cowbell
U03KY02V80Z,porsma76
U03L3PF8Y2Z,mrstraughn67
U03L4MHQ0SU,Sanka
U03L5D4Q085,Sir Mix-A-Lot (Naperville)
U03L8UJM9D5,Suction
U03LC1YH29Y,Bernie
U03LN0AB2NL,Betty Crocker
U03LP5WJKUN,Mr. Bean
U03LUJ81BMJ,Big Wheel (F3 Naperville)
U03M1NSJQ4T,Patches
U03M46Y9YRJ,Crabgrass
U03M49SKWEQ,Floppy Disk
U03M906GK9C,reyeessm
U03MBNG9NQN,Piston
U03MDGB4S9M,Drip
U03MKDH1TU6,Rx (F3-Naperville)
U03MUCFAVGT,FOOTLOCKER
U03N0P76E5P,Bobber
U03NK2SBZEJ,Steve Puzach
U03NPR6CSAK,FacePlant
U03PFDUMMNC,Frozone (St. Louis)
U03PKL3B9FU,Hot Box
U03PZPKF9NX,Uncle Rico (Naperville)
U03QC5V5MR6,Snuggles
U03QGM2MXMW,Denari
U03QPRFFUP4,Pinto - Southsid3
U03QW3DCG6L,btsweet
U03R2NA6GLF,"Backstage (Hall of Fame, Canton, OH)"
U03RN1KQTD4,Y2K
U03S3DJP0SK,Alex Repsholdt
U03S833N8MA,Baby Block
U03SBPW494Z,David Nava1
U03SFGZ74M8,Snowden (F3 Naperville)
U03SJESV9JR,BABYMOMMA
U03SK13D50Q,Slip’N’Rock ( F3 Naperville )
U03SRLR3TCJ,Chuck Taylor
U03SUM8JU2Z,Spike Horn
U03SUPLPMB9,Gamecock
U03SX99V3PU,Meta
U03T1RAT3UP,Boo Boo
U03T43SBJNA,Homer Simpson
U03T8HP3FE1,Billy Hoyle
U03TAEGKTDM,Frogger Central IL
U03TG5U3B0V,Call Center
U03TGBJRLLE,imbody
U03TJTX2XS7,Appsfam Fouras
U03TL1GG31B,Freon
U03TN0Q4DQW,Jermaine Allen1132
U03TUH1AE82,Adam Giganti
U03TUK56WPL,Genesis
U03TX17L7AQ,Foreclosure
U03TX180CCU,Go fish
U03TYQYKERF,Fire Hose
U03TYSW2933,The Worm
U03TZHTBJ3A,CrabClaw
U03U46YH59A,Mayflower
U03U8N4P5G8,Flo
U03UC706GM9,Webster
U03UF1UTBFE,Hot Wheels
U03UV38A9LM,Title IX
U03V1MFNR4G,Orville
U03V4L75W23,Hitchhiker
U03VA8AQ9HD,Suspenders
U03VDRA8QUT,Toady F3Naperville
U040A59PCAW,Remo 60544
U040EFTBVN1,Four Seasons
U040LSCFPJR,crhomberg1
U040M0A910D,Toe Jam
U040MGE09PA,Dallas
U040NCSDE1Z,Tommy Boy
U040R8S1N6P,Dilbert
U040Y3RQPNJ,Six Sheets
U040YRLSFNW,Rooney
U041ATZKYR3,F3Plainfield_IL
U041MPZ7849,Mr. Wilson
U041MRSFHTN,Horseshoe
U041QAESW84,StandUP
U041R4GK79V,fuzzy navel
U041T99TNTC,YellowPages
U041T9ACB3L,UPS
U041TMF17N0,Robin Hood
U041WEGQJ48,Avocado Toast
U0424LPPY13,Cocoon
U042B5WTVBN,Spirit Fingers (F3 Naperville)
U042BC1QD3Q,Zuckerberg
U042EE06CR0,Johnny 5
U042H0BN44Q,Eclair
U042V8EVB46,Queens Gambit
U042X62DF37,Jock Strap
U043KC41LA2,Woo Woo
U043MJJ535L,CHIPS
U043S0YT3UK,DTL (Don’t Turn Left)
U0446AB87S4,Wedding Planner
U044EJQGT0S,dkbon2006
U044R6PP2KU,Skorts
U0457LT0BR9,Daisy
U0459S40S07,Dismissed
U045SA10K0V,Furley
U045VMR49V4,Kenny Dorsch
U045ZBFGAH3,BoneSpur
U04627XKESX,Deflated
U04627YQL9H,pabiburrito
U0464PQ9MBN,Dave Ascendancy
U0465R6R5U5,Justin Meyer
U0468PUJ74J,wedrigub3
U0468PV36V8,fimeier3
U046EUYRXFB,bmfalli0830
U046MD5249F,Russ Oszewski
U046S1HAVJL,kmanikowski
U046T59S606,Chester
U046YF1H6TS,tcountryman
U046YF24PS4,Jermaine Allen
U0478KMFPE0,Sunshine (F3 Kankakee)
U047GFQH4HL,Bronco
U047GJLHPM1,Shawshank
U048CPRR342,Hot for Teacher
U048CR97EHE,Slip N Slide
U048GCZ7GBY,Broomstick
U048N1ACA11,Dredger
U04919KHEJD,Paw Patrol
U04967QGBDK,Lambeau
U049D8SNETY,Cuff
U049J24U0R5,Hamms (F3 Des Moines)
U049PRLBYN9,Junk Bonds
U04A1UESAQ7,Durk Diggler
U04AFDVMRMF,GarageCode
U04AGF7MFK2,vespa
U04AGMJBLE9,Team Prancer Daily Points Tracking
U04AK2TALP4,Mannequin
U04APS24Z5Z,Team Prancer Saturday Points Tracking
U04AS3RF9F1,Repo
U04AUKSEL9Z,ljp530
U04AVJPAMUL,Atari
U04AXNGTX5F,Dirty Job
U04C9LC424U,Norm
U04CGSTLWKF,Sasha
U04CJTXEGP2,Dozer
U04CM1RN6LE,Finkle
U04EBH6CM26,Spare Change
U04F25UMN2Y,Donkey
U04FMC271UN,Bart Simpson
U04G64MNN9G,Foxy
U04GBS9SWFL,Lobstah bisque
U04GP316EBD,jssolim
U04GTJ7HV96,Animal House (F3 Outlands- regular Pax)
U04H3PWJN5A,Juanita
U04H6HMNPH9,Cinderella
U04HJ4J1NUE,SHOCK (F3 OUTLANDS)
U04HX959YUS,Squishy
U04JQ8219TN,Kramer (GTE Q - St Charles)
U04JTJZHHPT,Manti Te’o
U04KJABEN6B,FlashBang
U04KNF01DU6,Rag Doll
U04KY15U2F9,Road Rash
U04LC8UPUFL,mpstrang
U04LCDK1CV9,kjohnson1919
U04LRAPNR5L,Carp
U04M8MS2WHJ,FINCH
U04MC5GFQ9F,Shortwave
U04N3DANAEA,REBAR
U04N47HFWQ4,Frostbite
U04NCNYSNP7,Marshal
U04NJ0LG9J6,Jack and Jill
U04NSEPUGV6,Jojo Siwa
U04NZ0Q11GT,Pineapple
U04P1JQ3EBY,Cheesesteak
U04P8SKJR60,Ozinga
U04PAGQUHFE,Brian Pollard
U04PHN1MH8D,Ball boy
U04PK3GEFFT,Casper
U04Q01BPTPE,Olive Oyl
U04Q1H1MQKF,Farmers Only
U04Q730GYNA,Griner
U04Q74G13AA,Andrew Flemming
U04QB4TPW03,Ollie
U04QBE3JRE0,Sidearm
U04QDH8EFGB,Candy Man
U04QF98D6MC,ryanshereck
U04QG507KGC,andrew-flemming
U04QG7NCUMA,Roach Coach
U04QK3CME66,Outhouse
U04R87QFW95,Joel Greer
U04RBT6T8RJ,Old Maid
U04RC91MPGQ,Dolly
U04RJFYDV5M,Axl
U04RN6L1BS5,dykemabrett
U04RQB0TXFS,Hot Lava
U04RS91KM46,Goody Two Shoes
U04RWAWMZKP,Tonya Harding
U04RYNDJKU3,aabbonato
U04S1CPR7NF,paulgreenawalt
U04SD94UU3C,Whaambulance (F3 Kankakee)
U04SNUDUMH8,DJ Nips (F3 Kankakee)
U04SRTTGKMF,Deez Nuts
U04SS3QLL81,capx54
U04SXM30JGM,Splatter
U04T0Q9RDGU,Cat Pack (F3 Kankakee)
U04T2K60F19,Shart
U04T30AP2JC,Jane Doe (F3 Kankakee)
U04TAH9EJHJ,akeman2
U04TAJXQX4N,Stretcher
U04TE5LKSBF,Blow Hole
U04TMQYLMC7,Levi
U04TN6LCRB8,Prairie Dog
U04TYT14ECA,Dingy
U04U3DLQ55K,Focker
U04U6L38UAU,Scantron
U04U8EGCQS1,Manhole
U04U9493KEV,Family Guy (F3 Geneva)
U04UAET8XJR,Quickcrete
U04UH4HTYJV,Rachel Phelps (F3 Spring Hill)
U04UK0SALF3,Hoser
U04UPPRCQRK,5-Putt and Yellow Card
U04V6PRQX88,Shiplap
U04V9LC0Y6T,Shakespeare
U04VD7H6ZPH,Bush league
U0500GEK3V4,slabtana528
U0503BC5GVD,McCracken
U05067F4K7C,Half Price
U050EVD47PS,Daily SlackBlast Reminder
U050T8PK1JT,Tailspin-F3 Naperville
U050VEDME6R,Poindexter
U050YTG6YJC,Latte
U051330RY2J,Depends (3rdF Q)
U05165N8D32,dr. feelgood
U051GEYABBR,Kardashian
U051UG7E4P8,New Girl (F3 Kankakee)
U05223A3Q4X,Wiggum
U0522GGM23H,Floater
U052BMVLAE5,Trail Mix
U052RJT6TM2,CableGuy
U052SHL24MB,Judge Judy
U05363ZHJ84,Jiminy Christmas
U0536BG9AMU,TruGreen
U0539LAHZ1N,Training Wheels
U053LEBRMM4,Derailed
U053M5SDEAG,Gump (F3 Kankakee)
U053WSU9J1F,Tinker Toys
U05408WC049,Malware
U054HT59R9R,Bueller
U054JFWN01Z,Silo
U0558CXUZA9,Rapinoe
U055N264D9C,Stewie
U055Y162DEH,Headhunter
U0562C853TP,Jugz
U0564ANUR7A,Mark Twain
U0566HQECA1,West Side Story
U056FT5KAKF,bgironsmail
U056GH6L205,TurboTax (F3 Outlands)
U056GM65CP9,O’Houlihan
U056LTU6TH7,Deuce
U056V76K04D,Blue Milk
U056VUVJ63D,Napster
U056WLR0D0B,Chutes and Ladders
U0577FMQ4KC,Home goods
U057DGFVDA4,Rubber Ducky
U057J4EB9R9,Mama's Boy
U057QBF3TPW,Deja vu
U057ZGM35CZ,Bing - David Kelly
U05877LT8BS,Dan Valdez
U058BGA8532,Matt Phad
U058C88BUDD,T-Dubs (Outlands)
U058F8J3PNK,Danica
U058SP7GRJ6,Hatchet (Lizard Q)
U058T072X6G,GrubX (CMW)
U058Z82PC3H,ShortCircuit
U0593L152N5,High In The Sky
U0595TJDQ95,Happy Meal
U0597T0PFGX,Jaime Ruiz
U0598TVRS1Y,Wax Off
U05993CSLRY,"Geek Squad (Hilton Head, SC)"
U059CGRAJ9M,Toto
U059L6K1CKS,Tanner Hunter
U059SUXC327,Rebar (F3 Kankakee)
U059VJV8RJA,Stifler
U059VNF6P6G,Jelly Donut
U059ZQ894HH,Kettle Captain (F3 Kankakee)
U05A3TEF12A,Blue Light Special
U05A6AHMPT5,LaRussa
U05A94M6YHH,Ponch
U05AA1303T4,Dr. S
U05AB2HGHAN,Miley
U05AGKNG3EZ,Icebreaker
U05AP6RSY1F,Chainsaw (F3 Kankakee)
U05AWSL5G4D,David Trueblood
U05AZ9W52PN,La Bamba (F3N) (F3O)
U05AZB55Y83,White Hands
U05B0CN2DF0,Chaves Brendon
U05B0CZ3M0A,glow
U05B1EKJXQU,Glockenspiel
U05B1QGF9L0,Laimbeer (Naperville)
U05BEMJURDE,Jock Strap (F3 Kankakee)
U05C07FDB2L,Horse-n-Buggy
U05C08EPC3S,Stay Puft (F3 Naperville)
U05C2MQ0GD6,Frolf
U05C8DP6YS0,Algorithm
U05CLEPF6VC,Baluster
U05CT4M9CEN,El Guapo
U05D1SF675F,apple bottom
U05DBPGL06P,Glow Stick
U05DJBGTUAF,Prestige (F3 Kankakee)
U05DKU7NP4G,Buttons
U05DPLH0R9A,Mr. Mom
U05E0DHD6BE,TJ MAX
U05E2JFNW2E,Harry Potty
U05EFSJ3FEZ,DeutscheBank
U05EH5DFTCK,HHGregg
U05EJTH7DD4,Kodak
U05EJUS4Q3C,Kirk Luoto
U05EN36H82J,Mrs. Doubtfire
U05EUS80X9R,Freetime
U05F981JBF0,Stiffler’s Mom
U05FDSP0YD7,Peterbilt
U05FJRPTL56,arod022003
U05FQAFUAS0,Soft Target (F3 Kankakee)
U05FT5DMNNA,Elvis
U05FUGF3P1P,ctat1977
U05FZ4QEFG9,Tweety
U05G8MLV39R,Band Camp
U05GDSV2XQW,cisneros1217
U05GFSH6BC2,Ink Jet
U05GG5NR7KM,Pee Wee Herman
U05GNB72DUP,Scuba Steve
U05H22HKUAK,Max Bowen
U05H266SKKP,Dumpster Fire (F3 Naperville)
U05H4UJSC8L,Kars 4 Kids
U05H50Z7Y5T,Channel Tools
U05H6UA0KCK,Trifecta
U05H7NFC2RY,Garfield
U05H9SL1ZC4,No Service
U05HCCDC4TY,Dive Bomber
U05HD4P8G14,Gepetto
U05HS6WRNUB,gregorysmoss
U05HU9LRN92,Sausage
U05J5AE2ZS5,Tighty Whities
U05J9P2U5QB,Wasabi (F3 Kankakee)
U05JBLGE8TU,Kings Full
U05JJL0JE77,Duff Man
U05JX8KCGNQ,Long snapper
U05JZ098926,Puddles (CMW SLT2; 3rd F Q)
U05L6STL58D,Pucker up
U05LGPTQU2F,James Harrison
U05LJNYFFKN,Amelia
U05LL4RHM3N,Just Dave
U05LL7ESE79,Cutler
U05LN8RUANB,DirtyD
U05LTNV1MBN,jrauen9
U05LXK9JDDZ,Quack
U05LXV65AVB,Dough Boy
U05MJGNGZEE,Leaky Pipe
U05MS4XNF6Z,Unplugged
U05MUBTSF4P,Bean Counter (Naperville)
U05MV6GFTGE,Crocs
U05N3UB5STE,Wally’s
U05N5CQ9VE3,Olu Okediran
U05N5J7KGV8,Don Birkey
U05NN0QFRFW,UberEats
U05NREXRJ90,Sand Trap
U05NX65BEGM,tizzzzod
U05NYBYVA93,Caleb Long
U05PCJXN3BK,jminner
U05PHKDNU21,gentrymicah
U05PZLUABDX,Sean Curbow
U05Q9M46E56,Elon De Musk
U05QCNM2QC8,Stonehenge
U05QD3D6ZK7,Caboose
U05QJRZNQHH,Corner Kick
U05QQ6FA69X,Mule
U05QRUWQQ6P,Cookie Jar
U05QUQ90B7D,Swirley
U05QXAGCUAG,Brad Bdorick
U05QYSGTB3M,Flying V
U05R5QB2PJ8,Stilettos
U05REH85C80,Singlet
U05RS96PP52,Art Meyer
U05RWUV3QPK,Hard Drive
U05S72J48D6,Star Gazer
U05S7NPLRR8,Handy
U05S9G8546T,Junk Mail
U05SCUJLR0V,Britta
U05SHSUP55F,Mountain Momma
U05SJ6G2ELA,Road Runner
U05SKRJM6G5,Ryobi (F3 Naperville)
U05SM6LM8F4,Clip Art
U05SQN71KJ8,Choo Choo
U05SW6XKPU5,Ponzi
U05T0TCJZ44,Autobahn
U05T8KN5MJB,Patient Zero
U05TMKXAK96,D-Bag
U05TMTVB526,Precast
U05TUKL5N87,Zimmer
U05U4QN0VD0,Bubble Wrap
U05UDL3EVGR,Peashooter
U05UGAX1DHU,Shocker
U05ULCL3806,Mr. Kotter
U05UQACH41K,Cochran
U05V7JV7C2X,Fortran
U05V7JWTY67,Schrute
U06002TTAL9,Cheese Curd
U06034ANE7K,Hermey the Elf
U0603QP17QE,Ecto Cooler
U0608HZJWP3,Steve Nielsen21
U060MBUS5J5,Pinstripes
U060P6PH4KU,Bagels
U06117SE8LA,mrstaehely
U06117SQ4BU,kowalski19
U061CBW96MA,Singer
U0629GVQRS8,Jim Sippel (Rotten Tomatoes)
U062ET4LQ56,Mint Julep
U062VUQKE2C,E.coli
U0638CR70Q2,Tinfoil
U063KJR5Q0L,Red baron
U063PMGKQLB,coin purse
U063SGFMFMJ,trolley
U0642MXT15L,The Lizard
U06465B9BQ8,Sizzler
U064CQD6JDN,Sham Wow
U064D90C37A,Mongoose
U064E6DDBV0,Karen
U064F9H5MAR,Dog House
U0651U275AB,Belt Buckle
U0654SUAQRL,Huggies
U06599U45AN,bobbys
U065B5R7090,Brick
U065BL1MMLJ,Hijack
U065CRU0K0E,HVAC
U065EML70E5,Nextel
U066QB8RX7C,Alfalfa
U0672VB7Q3C,Hot Tent
U0679U2BALB,Dead Money
U067BS6KGEQ,jackwiemeler
U067YCGR97A,nediaz6
U069RPE96E5,HandyAndy
U06A1RN2DQF,Hank Hill
U06A1UP216Y,Lint Trap
U06AWCQ0E9Z,slackblast
U06B3NS9W21,Headband
U06BVDH15PA,diego
U06C85Z9MCZ,Messi F3 Southside
U06C9ETNKLY,Gekko
U06CD6V9Y4A,Stimpy (F3 SLC)
U06CJBNGDPC,Unleashed (Outlands) Greg Moss
U06CKPPM83S,Squirt
U06CPT15RAQ,Flamingo
U06D0R79R3K,Swinger
U06DNF8P3MM,Dial Tone
U06EJ8NHPGW,Night Owl
U06FFFXPC0P,La Vaca
U06FFP1NM8F,Mark Prosise
U06FKL7VA86,Mr Wilson
U06FS13K26S,Pool Boy (F3 Geneva)
U06FS9WEAR2,Smirnhoff Ice
U06G13R5LR2,Roscoe (F3 Naperville)
U06G13T0QEQ,Shardz with a Z (F3 Geneva)
U06G697CXMG,Stewie
U06GUEASFDK,Sebastian S Ford
U06GX3VRNKU,BORG
U06GX4X8X62,WrongWay
U06GZ8ECZC5,Boomer
U06GZE2D66R,Sparky
U06H2CMCG4S,Dolph
U06H3QB4KMY,Mahomes
U06H4LKDTU2,Bryan Kasprisin
U06HEUK00QZ,Preacher
U06HSP24X8X,Bambino
U06HXUHBRTK,Ten Speed
U06J1AAJ3HD,Doogie Howser
U06J46ZTPEZ,Folgers
U06J6PKRU0P,Sweet Honey (F3 Naperville)
U06JKQ731KK,Denim Dan
U06JRVD8RQX,dave
U06JSV5EZJS,Fauchi
U06JUQZ96Q4,Dory
U06JX2L1SQ6,Flushy (F3 Geneva)
U06JY97GN9M,Tron (F3 Outlands - 1st F Q)
U06K3E72S0K,SharkTank (F3 Naperville)
U06K8PKQGA1,Duck Hunt
U06KH7R9R2N,Nature Boy
U06KQ9BUZ9V,Your Mom
U06LABYHWEB,Snots (F3 Naperville)
U06LHSCT28K,2 Hand Touch (F3 Naperville Nant’an)
U06LPTPUL1G,Wheaties
U06LZL8RHQR,johnswen
U06M707AQBA,Bulldog (F3 Naperville)
U06M8PPC9PW,J P
U06MJ6A4DPC,Randy Jenkins2301
U06MLPXQ8HG,Griffey
U06NYDTTRU7,Ding Dong
U06P4FSDK7T,j-pacetti
U06PKDW2ETX,Weedwhacker
U06PN8B7ZQS,Cris Sanford
U06PNGKJKNZ,Cricket
U06PTNFG42C,Jolly Rancher (St. Louis)
U06PTUYN9PE,BowWow (F3LakeCharles)
U06QFBD4K4P,Return To Sender
U06QYBF8JDS,drioz
U06R2UB22LE,Hot Poker
U06S01GE0GJ,Discharge
U06S53RV0QL,Dumpster Dive
U06SPHS3GKZ,jtacker
U06TA58T8NR,Booger
U06TFFEDQE7,Tinder
U06TFS9Q7UL,Ricola
U06U11MHY9F,Streakout
U06U6LCQ22F,FUBU
U06U7CLS0FM,Cooper Tunac
U06UA7M6D6G,Catfish (Southsid3)
U06UANF6FBR,Rusty Anchor
U06UF3L1M1N,Oscar
U06UR2MQ6HY,Outage
U06V8TP2LSG,SyncBot
U0708HXD58V,Supply Chain (F3N)
U0709PKBJ0Y,Dutch Boy
U070JGE1EDD,Scrumbum
U070JPVPK7H,Bottom Feeder
U070NTWF7G8,Foghorn
U070SG6LRAS,FLANDERS
U070Z12249H,Xena- Warrior Princess
U071GSVM24B,Spit Valve
U071HG9UW1F,Baby Blue (Naperville)
U0727G2PJ7N,Bull Hurley
U072HDGJSBG,Doozie
U072HRD95PY,carenznet
U072K1U1YKY,Old Flame
U072NF1BC5B,Wrangler
U073BRRKRRQ,Mr. Freeze (F3 Naperville)
U073D5MRD4Z,Hat Trick
U073HEKB5B9,Hot Dawg
U073J179LHM,Sizzler
U073M2KRN4C,Right Said Fred (F3 Naperville)
U0744F92JBX,johndethloff1987
U074516AUNQ,Shameless
U074BJ1HFSA,Matthew Gereaux
U074F9Z00D7,Snag
U074LM14QJG,Samuel Begler
U074LS2DYLX,TRANS AM
U074LSR4A1W,Kung-fu Panda
U074T16JBDX,Deliverance
U074XMPH1EJ,GOLDWING
U0752CQDB1U,Boo Boo
U0753FUKHU7,Invitro
U0755N13PAT,Steven Rainey
U0756DDD08K,Dan-D-LION
U0756H95Q9G,Glass Jo
U075CELEZJT,Miata
U075HCVHAG1,Wilson
U075J9NN91N,Pop-Tart
U075Y87RK8W,Ollie
U075YSA1YNB,Noonan
U07636Y95EF,Rebate
U07698FG143,Ricochet
U076CMM5XRP,Elmer
U076F70QLMP,Chuck Tailor
U076FPYRHFS,Manscara
U076N9CKU87,Ice Castle
U076QG3U0R1,COOL BREEZE
U0773JKV351,Chris Tragos
U07744YK7QA,Splinter - F3 Southsid3
U077528DG92,Kerrigan
U077A57TJTW,JTT
U077QGURBQF,K Pop
U077RQMTNG3,Celine Dion
U077S1GTBMG,Space Invader
U0784HD6CNM,Forrest Gump
U0789TKACF4,Babyback
U078ALKPWM9,Pink Panther
U078EUQ12DC,Cart Girl
U078QD1GSP4,Aaron Bernstein
U078VQE2ULB,Wing Stop (F3 Naperville)
U078YJKBUC8,Baloney
U078YK38U8G,SHREDDER
U0792KKSBS8,Ukulele
U07984MQLU9,Jenn-ay
U079FC2EDBM,cnecesssary
U079MTAEVH9,Tina
U079S2GPSG2,Lip Jacket
U07A19X4HV4,Super Soaker
U07AHEPLCPM,Hen House
U07ALJG3TEU,Focker (DR Phoenix)
U07AQA280GM,Peter Pan
U07BRJGUHUM,Ramiro Gonzalez1
U07BTHWFLGZ,Bill Nye
U07BUCET1R9,Dr. Loco
U07C3EQ7H9T,Crayola
U07CC9J4DDK,Ken Goluszka (Paul Blart)
U07CF6DCCE6,Gaga
U07CHFY2XTM,Dead Air (Naperville)
U07CVHGLPV3,Joystick
U07CY9BC4UV,Hydrant
U07D42N1XQQ,DownScope (F3 Outlands)
U07DBKT0RHD,Duffman (Katy)
U07DJHUES2Y,Tony Ferenzi
U07DKEE8N6A,efelgs10
U07DKQYDCCS,Jukebox
U07DP6MEB6Z,homer8712
U07DTG7DY07,Dr. Feelgood
U07DX2F4YAY,My Pleasure
U07DZN6K0TZ,Tinactin (F3 Naperville)
U07E4DK9JNR,DEADBOLT
U07EBLZVACA,Robert Plese
U07EJ6173S6,Ginga
U07ENSE9S1X,Great Clips
U07ETNTQ3HQ,Ralph
U07EVQTB6R0,TESLA
U07F7SE7BF0,Doogie
U07FW4U2TJS,Junk Mail
U07FYUMHEBH,Jeff 255
U07G1Q0HWQ0,Devito
U07G2V2NWJF,Overtime
U07G74Y71QW,Mr Beaker
U07GDNBSZ0Q,Speedbag (F3 Southsid3)
U07GDQCLB0T,Don Quixote
U07GJC6UG1Z,Celler Dweller
U07GMJNA6TT,Einhorn
U07GS4JEKKK,Risky Business
U07H6LVJHKK,Frontier
U07H6TY29U1,DEWEY
U07HBEN5Q1F,Crop Duster
U07HK471615,Purple Rain
U07J52WLHCN,Sho’Nuff
U07JYMRNAQ7,Pinto
U07K1BV0UUX,Pink Panther
U07K4D75NQ6,Patches
U07KAFJSMV3,Cisco Bermudez
U07KJ611K99,CrowdStrike
U07KLPFH1L4,Landis
U07KLPGENJ0,Just Dance
U07KWL72UG7,Strange Brew
U07LY4K586M,Moist
U07MBSFRESU,Tinder (Naperville)
U07MPRJPW6M,Canteen F3 Southsid3
U07N23APJJD,Allen Stambaugh
U07NJ05CTM2,Kitchen-Aid
U07P2U8RYNT,Bubbles (F3 Southsid3)
U07PVNH4B97,Switch Hitter
U07Q383MKCP,Huffy
U07Q85LETFD,KennyRogers
U07RD0ACG80,Nemo
U07RRL2M8UF,Klopp
U07RTKD1BU4,Operation (F3 The 618)
U07SE36PPNC,Alan Snyder
U07T5DL3VHA,Drive By
U07T8M3GC1L,007
U07TPCBKEEA,Daisy Dukes
U07U0NE8DJ8,Safety Meeting
U07U4L7F1M2,K-Mart
U07U7V9RNUF,Dirty Underwear
U07UCTA492S,Mr Burns
U07UH35HBQQ,Door Ding
U07UKT9J213,Large Marge
U07UNG0MB26,Birthday Suit
U07USK88QJ3,Paparatzi
U07UXGZQYTV,Lighthouse
U07UZEQFP9P,Milton Bradley
U07UZKMJ341,Spandex
U07V0KKMLNR,Ark
U07VD3BSH8V,Double Dutch
U0803E8DB7X,Mario Kart
U0804P4S12A,Tonya Harding
U0809THN62H,Snap Crakel Pop
U080FGLKUH5,Hodl
U080GEYLY4W,Home Alone
U080ZBYP6M6,Nick R
U0811KYJAEP,Cool Runnings
U0817EKKF70,Belushi (Naperville)
U081JKWAR33,Sailer Moon
U081S4SDQEB,HGTV
U0829R3EAMD,Peek-a-boo
U082DUHF8RE,mark4german
U082M3R8J3H,Black widow
U082Q8SCDFB,Brad Hooper (Detention)
U082YDGVADA,Spackle
U0841EC1PA9,Maersk
U085PLQU2F4,Shankapotomus
U08676CU1SB,Squirt
U086HPX5QP8,Barney Fife
U086W6B6UDB,Tom Bodett (Naperville)
U0871EV86SG,Gold Bond
U087CHQLZ7B,Scratch and Dent
U087PCTL29Y,Ham
U088LALR4FL,MallWalker
U088TLJTDFA,Snow cone
U0894TZQLGN,Lefty
U089EFZJVEE,Dingo (F3 Naperville)
U089QSWGZ7Z,Wet Bandit
U089V1BPMJL,Boones Farm
U08A14E4P44,Donatello (F3 Naperville)
U08A7UJ3294,rubble
U08BPTVAFPB,ICY HOT
U08BZQQGV9V,Gilligan
U08C28HK3KN,Feta
U08C2BRG09E,Yes Dear
U08C85UHJF2,Logan 0
U08CNS9DPV1,Open Poll
U08DV7XET0R,Lucky
U08EEQUUKSN,Elsa
U08EFG3CTAN,Chaps (2nd F Naperville)
U08FDCS4U3F,Pole Dancer
U08GV8JJRS7,Green Mile
U08HDSELH6Y,Groucho
U08HHCWGB1A,Hocus Pocus
U08HPL8Q7NV,Tool Time
U08J1CPF37S,YANNI
U08K5RPAY02,Al Roache
U08L073J9HD,Crash
U08LV1V58P8,Mr Wonderful
U08MHTVAVTN,Frank the Tank
U08MXRDL43G,braybrayprice
U08N0334E1Z,Miata (F3 CHAMINWOOD)
U08PAQ625N1,Cummins (F3 CHAMINWOOD)
U08PQEJMU5D,Tackleberry
U08QA095FGW,Ground Control
U08QBC4F5C3,Fish Tape
U08QMDUKL66,Muscle Milk
U08QQRJCDAN,NOMAD
U08R2U2F3UN,Janet Jackson
U08R9BBFMRN,SkyMall
U08RER38J8M,BeSt in ShOw
U08RFHRKC5P,Alter boy
U08RHRMD43C,Frogger
U08RMMBLGDN,Pitch Perfect (Naperville)
U08RRCCL823,Steamboat Willie (F3 Naperville)
U08RRCJP7C7,Boone's Farm (F3 Naperville)
U08RSFDHNBH,Putt Putt (F3 Naperville)
U08RSQBN3GT,Vespa
U08RZFMSTA4,bennygonzo77
U08S27WVCFM,Knight W
U08S4A2PB7Y,Misdemeanor
U08S4HERNBZ,Gamecock (F3 Naperville)
U08S7T6KZK4,Greatest Showman (F3 Naperville)
U08SB3Z237T,Erwin Aguinaldo
U08SKR83J6N,RAZR
U08SLH781MF,Mista Mista
U08SN6DGDME,Boolean (F3 Naperville)
U08T030V5L1,Ronda Rousey
U08TAFQ4S0M,ATF
U08TBP91GBZ,Go Daddy
U08TD9DD6M6,Scuba Steve
U08TMNF02EB,OTG aka Oscar the Grouch
U08TQLR00LQ,Flatliner
U08TYPXLCC8,Sloppy Joe
U08TZ9EPD1B,Hand Warmer
U08TZFDG1PE,Eveready
U08U1329U2W,Roz ( F3 Naperville)
U08U4PQV3DJ,Phoenix
U08V6VCELRG,2Shells
U08V9GZ199U,Cat 5
U090GAA7QE6,Laces Out
U090MM9L0F4,Temu
U090PG31PFS,Rain Man
U091A4AAZPC,Popeye
U091UQXBKJP,Sapsucker (F3 Naperville)
U0929V6HD5H,Kickflip
U092ADB4GQH,Prime
U092C571V3Q,Copay (F3 Naperville)
U092CH86370,motorboat
U092K456KHC,WrongWay
U092LRKGN2E,Pearl
U092X8D6GBB,MacGruber - F3 Southsid3
U092Y4J9S21,needle
U0932DSK945,Al Bundy
U093QHS5CV6,Martha Stewart
U094W7VFE01,Mile High (Outlands)
U094XL0JTK3,Lot lizard
U0950RW8JHX,Eliot Ness
U095K6T98P9,Intern
U095MNVG2R5,Kidney Beans
U095QFFSQ67,Doodles
U095QME31C2,Shim
U09699HEA4E,FLYER
U09758GFEA3,Metra
U097B8S352S,Ferkus
U097J8H9PNJ,Bookmark
U097T71J18R,Freaky fast
U098XEDSKJN,Liberty Biberty
U0995EN25EZ,Drive Thru
U0995LDSXNC,Party in a bottle
U0995NWAK47,Jheri curl
U09A401R820,Backpack Cooler
U09AH747KEF,Italian Ice
U09BBJ81140,Slapshot
U09BHRESDCL,Noodle
U09BKTKC15Y,Pretzel
U09BPCKUULS,Swoosh (F3 NWHWY)
U09BQHE0Q1G,Chyna
U09BQJTUNDQ,O O O O'Reilly
U09CJQ6NV6Y,Spud
U09CLLZMLGP,Stitches
U09D1TLFDK3,Garbage picker
U09D5VDKC85,Otto Man
U09DMPT2RQC,No Pants
U09DTJJUDMF,Taser
U09E53TV8JD,Party In A Box
U09EAQXCWH1,Jordan Sherman
U09EZ6NN6HH,Thesaurus
U09HQG7CUN7,Frontloader
U09JUFJTXD3,Grinch
U09KBA01MEC,Claudio Ladeira
U09KYM9V279,Dipstick
U09LCA0QVMX,Bubba Gump
U09LT8ATYUQ,Toolbox
U09MDEHCAE5,Breakaway
U09N749ET09,Underdog
U09NJHM9KJB,Squeaks
U09P40YBK6F,Hank Hill (F3Naperville)
U09P8MN5M17,Turkey Leg
U09PQTWN83S,PFG
U09PYMMMGBD,stazrulez
U09PYQURP8X,Hot Pants
U09Q09Y7ZSR,Freebird
U09Q1PHL4TX,Double dipper
U09Q716NUNR,Chernobyl
U09Q74ECF54,Pit Boss
U09QA9ADV0C,Glass Slipper
U09QLM1NVPD,Eleanor
U09QUAB5U7R,Kindle
U09QZ34QXFS,Matlock (F3 Rockford)
U09R9ET3AGY,MARRIAGE COUNSELOR (F3 Naperville)
U09RGQD77N1,Circuit City
U09RHR5HY8G,Not Choco Taco
U09RT3Y2J3W,PeeWee (KingsDen)
U09S9B3N5DL,The Vault
U09SA1LJ7DL,Waffle House
U09TB5R19A6,Crotch Rocket
U09TEU1BN58,Rabbit
U09TZCE75NU,HandsOn
U09U2DZRCU9,Stitch
U09U8DTSGTS,Grunts
U09UJPE5M1T,Dr. Loco
U09V3BNB1FD,pep boys
U0A01FCN5D1,And1
U0A06Q8EDNX,Four Square
U0A0D25TJP8,Pikachu (Southsid3)
U0A0KMVLWEP,Marinara
U0A241SMD7X,HOBO
U0A31RF4RLG,Gondola
U0A49CCMZ7D,Hotty Toddy
U0A59TAR406,flatliner
U0A5EPZ8SKC,Antarix Kothadia
U0A5G77HDU3,Cheech
U0A656P7DH9,Plankton
U0A693ZV8KA,Feedbag
U0A6G4KU89Y,Matt Nations
USLACKBOT,Slackbot